cycle,initialization,target,target_start,target_end,view,prob_below,prob_near,prob_above,forecast_mean_mm,reference_mean_mm,anomaly_mm,anomaly_percent,probability_coverage_percent,amount_coverage_percent,status,rpss_blended_probabilities,crpss_corrected_amounts,bias_mm,observed_below,observed_near,observed_above,observed_anomaly_mm,forecast_anomaly_mm
JJAS 2026,2026-05-01,JJAS 2026,2026-06-01,2026-09-30,All Ethiopia,0.5048,0.2508,0.2444,375.1,441.1,-66.0,-15.0,98.0,99.6,Awaiting CHIRPS observations (Sep 2026 not yet published)
JJAS 2026,2026-05-01,JJAS 2026,2026-06-01,2026-09-30,JJAS R1+R2 rainfall domain,0.5497,0.2544,0.1959,614.1,714.7,-100.6,-14.1,100.0,100.0,Awaiting CHIRPS observations (Sep 2026 not yet published)
JJAS 2026,2026-05-01,Jun 2026,2026-06-01,2026-06-30,All Ethiopia,0.4278,0.3016,0.2706,65.6,80.7,-15.1,-18.7,80.9,99.6,Verification published,0.1929,0.3879,5.4,0.7141,0.1899,0.096,-20.6,-15.1
JJAS 2026,2026-05-01,Jun 2026,2026-06-01,2026-06-30,JJAS R1+R2 rainfall domain,0.4264,0.2999,0.2737,108.9,131.2,-22.4,-17.0,98.3,100.0,Verification published,0.2169,0.3991,9.8,0.8006,0.1492,0.0502,-32.1,-22.4
JJAS 2026,2026-05-01,Jul 2026,2026-07-01,2026-07-31,All Ethiopia,0.4532,0.2859,0.2609,112.8,129.7,-16.9,-13.0,80.3,99.6,Verification published,0.2541,0.2788,19.1,0.841,0.1135,0.0454,-36.0,-16.9
JJAS 2026,2026-05-01,Jul 2026,2026-07-01,2026-07-31,JJAS R1+R2 rainfall domain,0.4285,0.2977,0.2738,193.5,217.5,-24.0,-11.0,100.0,100.0,Verification published,0.1961,0.2526,33.6,0.8431,0.1074,0.0495,-57.6,-24.0
JJAS 2026,2026-05-01,Aug 2026,2026-08-01,2026-08-31,All Ethiopia,0.5071,0.2579,0.235,117.5,136.4,-18.9,-13.9,85.1,99.6,Verification published,0.2787,0.4414,12.9,0.7873,0.1083,0.1044,-31.9,-18.9
JJAS 2026,2026-05-01,Aug 2026,2026-08-01,2026-08-31,JJAS R1+R2 rainfall domain,0.4752,0.2736,0.2512,198.2,225.0,-26.8,-11.9,100.0,100.0,Verification published,0.3561,0.4398,20.6,0.8815,0.0993,0.0192,-47.4,-26.8
JJAS 2026,2026-05-01,Sep 2026,2026-09-01,2026-09-30,All Ethiopia,0.3641,0.3091,0.3267,82.6,94.3,-11.7,-12.4,95.8,99.6,Awaiting CHIRPS observations (Sep 2026 not yet published)
JJAS 2026,2026-05-01,Sep 2026,2026-09-01,2026-09-30,JJAS R1+R2 rainfall domain,0.3942,0.3075,0.2983,117.0,141.0,-24.0,-17.0,100.0,100.0,Awaiting CHIRPS observations (Sep 2026 not yet published)
